{"min_": [0.0, 0.0, 0.0], "scale_": [0.000365764447695684, 0.00030152268958239106, 0.00038015586390420075], "data_min_": [0.0, 0.0, 0.0], "data_max_": [2734.0, 3316.5, 2630.5], "data_range_": [2734.0, 3316.5, 2630.5]}